crop,disease,disease_status,causal_agent,symptoms,chemical_solutions,biological_solutions,cultural_solutions,preventive_measures,organic_solutions,soil_management,irrigation_advice,nutrition_management,season_timing,firestore_tags
Apple,Apple Scab,Diseased,Venturia inaequalis (fungus),Olive-green to brown scab-like lesions on leaves and fruit; premature defoliation; distorted/cracked fruit,"Apply fungicides: Captan (0.2%), Mancozeb (0.25%), Myclobutanil (0.1%), Thiophanate-methyl (0.1%), Dodine (0.065%); spray every 7-10 days during wet season",Apply Bacillus subtilis (Serenade); use Trichoderma-based bioagents; apply neem oil (2-3ml/L) sprays; use copper-based organic fungicides,"Remove and destroy fallen infected leaves; prune infected branches; improve air circulation; avoid overhead irrigation; plant resistant varieties (Liberty, Freedom, Enterprise)",Apply protective fungicide sprays before infection; maintain orchard sanitation; use scab-resistant rootstocks; monitor weather for infection periods (Mills Table),Sulfur dust (3kg/100L); copper hydroxide sprays; potassium bicarbonate solution; garlic extract spray,Maintain soil pH 6.0-7.0; avoid waterlogging; improve drainage,Use drip irrigation; avoid wetting foliage; irrigate at base of plant,Balanced NPK; avoid excessive nitrogen; ensure adequate calcium for cell wall strength,Start protective sprays at bud break; continue until 2 weeks after petal fall,"apple,scab,fungal,foliar_disease"
Apple,Black Rot,Diseased,Botryosphaeria obtusa (fungus),Brown to black rotting lesions on fruit; 'frog-eye' leaf spots; cankers on branches; mummified fruit,Captan (0.2%); Thiophanate-methyl (0.1%); Myclobutanil (0.1%); Azoxystrobin; Pyraclostrobin; apply during growing season every 10-14 days,Bacillus subtilis sprays; Trichoderma harzianum soil application; neem oil (3ml/L); Streptomyces lydicus-based products,Remove mummified fruit and dead wood; prune cankers 15cm below visible infection; sterilize pruning tools; remove fire blight-infected tissue,Maintain tree vigor through proper nutrition; avoid mechanical wounds; apply wound sealants after pruning; keep orchard free of debris,Bordeaux mixture (1%); copper oxychloride; lime sulfur during dormant season,Good drainage essential; avoid compaction; mulch with clean material,Drip irrigation preferred; do not wet fruit and foliage,Balanced fertilization; avoid excessive nitrogen which promotes susceptibility,Spray from pink stage through harvest; critical during wet periods,"apple,black_rot,fungal,fruit_rot,canker"
Apple,Cedar Apple Rust,Diseased,Gymnosporangium juniperi-virginianae (fungus),Bright orange-yellow spots on upper leaf surface; tube-like structures on leaf undersides; fruit and twig infection; premature defoliation,Myclobutanil (0.1%); Propiconazole; Triadimefon; Fenarimol; Azoxystrobin; apply from tight cluster through 2nd cover spray,Neem oil sprays (2-3ml/L); sulfur-based organic fungicides; Bacillus subtilis applications,"Remove nearby eastern red cedar and juniper trees within 500m if possible; plant resistant apple varieties (Redfree, Williams Pride, Gold Rush)",Monitor cedar trees for orange gelatinous galls in spring; apply protective fungicides before spore release; prune galls from cedar trees in late winter,Sulfur dust applications; copper fungicides; neem-based products,Ensure good soil health; proper drainage; avoid waterlogging,Avoid wetting leaves; use drip or furrow irrigation,Balanced NPK; potassium improves resistance; avoid excessive nitrogen,Critical spray timing: from tight cluster to 2nd cover (April-June),"apple,cedar_rust,fungal,rust_disease"
Apple,Healthy,Healthy,None,No symptoms - plant is healthy,Preventive fungicide schedule: Captan sprays from green tip; dormant oil spray before bud break; copper sprays in dormant season,Regular biocontrol applications: Bacillus subtilis; mycorrhizal inoculants for root health; compost tea sprays to boost immunity,Annual pruning for canopy airflow; remove dead wood; weed control under canopy; fruit thinning for proper maturity,Maintain spray calendar; scout weekly for pests and disease; keep records of weather and disease pressure; use integrated pest management,Kaolin clay coating deters insects; neem oil preventive sprays; liquid seaweed foliar feed,Test soil annually; maintain pH 6.0-7.0; add compost; deep ripping for compaction,Drip irrigation 25-50L/tree/week in dry season; avoid waterlogging,Annual soil test; NPK 10-10-10 in spring; foliar calcium sprays during fruit development,Year-round management calendar essential for continued health,"apple,healthy,preventive,maintenance"
Blueberry,Healthy,Healthy,None,No symptoms - plant is healthy,Preventive sprays: Captan or Chlorothalonil for Mummy Berry prevention; dormant copper sprays; insecticide rotation for SWD control,Mycorrhizal fungi inoculants (ericoid mycorrhizae essential for blueberries); Trichoderma applications; neem oil preventive,Pruning to maintain open bush structure; remove old canes over 3 years; bird netting; weed management; clean equipment between rows,Monitor for Mummy Berry mummies; scout for spotted wing drosophila weekly; remove infected fruit promptly; maintain sanitation,Sulfur sprays for fungal prevention; iron sulfate for pH; acidified water irrigation,Maintain acidic pH 4.5-5.5 (CRITICAL); add pine bark/peat for acidification; excellent drainage required; sawdust mulch,Consistent moisture critical; drip irrigation at 25-40mm/week; never waterlog,Acid-forming fertilizers (ammonium sulfate); avoid chloride; iron chelates if yellowing; sulfur for pH management,Annual maintenance; winter pruning; spring bud monitoring for frost protection,"blueberry,healthy,preventive,maintenance,acidic_soil"
Cherry,Powdery Mildew,Diseased,Podosphaera clandestina (fungus),"White powdery fungal growth on young leaves, shoots, and fruit; leaves curl and distort; russet patches on fruit surface",Myclobutanil (0.1%); Trifloxystrobin; Azoxystrobin; Propiconazole; Sulfur (not when temp >32°C); Potassium bicarbonate; spray every 7-14 days,Ampelomyces quisqualis (AQ10); Bacillus subtilis (Serenade); neem oil (3ml/L); whey or skim milk spray (10%),Remove infected shoots immediately; improve air circulation through pruning; avoid excessive nitrogen fertilization; plant resistant varieties,Begin sprays at shuck split; monitor young succulent tissue; avoid drought stress which increases susceptibility,Potassium bicarbonate (5g/L); baking soda solution; sulfur dust; copper-based fungicides,Well-drained soil; pH 6.0-7.0; avoid overwatering,Drip irrigation; avoid wetting foliage; water early morning,Avoid excess nitrogen; balanced K and Ca; silicon application may improve resistance,Most critical from shuck split through harvest; monitor young shoot growth,"cherry,powdery_mildew,fungal,foliar"
Cherry,Healthy,Healthy,None,No symptoms - plant is healthy,Preventive dormant sprays: lime sulfur + horticultural oil; copper sprays in fall after leaf drop; preventive fungicide at bud swell,Bacillus subtilis preventive sprays; mycorrhizal root inoculants; compost applications; Trichoderma soil treatments,Annual pruning for open vase structure; remove dead wood; weed management; fruit thinning for sizing,Spray calendar maintenance; brown rot prevention at bloom; bacterial canker monitoring; winter protection in cold climates,Copper hydroxide dormant sprays; kaolin clay for insect prevention; neem oil preventive schedule,Well-drained loam; pH 6.0-7.0; organic matter 3-5%; annual compost application,Drip irrigation; careful water management at fruit ripening to prevent splitting,NPK 8-8-8 in spring; calcium sprays during fruit development; potassium for fruit quality,Year-round management; critical at bloom for brown rot prevention; post-harvest copper sprays,"cherry,healthy,preventive,maintenance"
Corn (Maize),Cercospora Leaf Spot / Gray Leaf Spot,Diseased,Cercospora zeae-maydis (fungus),Rectangular grayish-tan lesions parallel to leaf veins; lesions have distinct parallel edges; severe cases cause blighting of entire leaf,Azoxystrobin (0.1%); Propiconazole; Pyraclostrobin + Metconazole; Trifloxystrobin; Apply at VT (tasseling) to R1 (silking) for best results,Bacillus subtilis foliar sprays; Trichoderma-based biocontrol; neem oil applications; biocontrol agents applied at early growth stages,Crop rotation (minimum 2 years away from corn); deep tillage to bury residue; remove/destroy infected crop residue; plant hybrids with GLS tolerance ratings above 5,Plant tolerant hybrids (check disease rating); use 2-year crop rotation; manage corn residue; scout fields at VT stage,Copper-based fungicides; sulfur sprays; neem-based products; biocontrol bacterial sprays,Avoid compaction; proper drainage; balanced nutrition to strengthen plant defense,Avoid prolonged leaf wetness; use furrow or drip irrigation where possible,Adequate nitrogen (120-150kg/ha); balanced K for stalk strength; zinc application improves resistance,Most critical fungicide application at tasseling (VT) through R2 stage,"corn,gray_leaf_spot,cercospora,fungal,foliar"
Corn (Maize),Common Rust,Diseased,Puccinia sorghi (fungus),"Small, oval to elongated, powdery, cinnamon-brown pustules on both leaf surfaces; pustules rupture releasing rusty-brown spores; severe infection causes yellowing",Mancozeb (0.25%); Propiconazole; Azoxystrobin; Trifloxystrobin; Tebuconazole; Apply at first sign of rust; 2-3 sprays at 10-day intervals,Bacillus subtilis sprays; neem oil (3ml/L); Trichoderma viride foliar applications; plant defense activators (SAR inducers),Plant rust-resistant hybrids; early planting to escape peak rust season; destroy volunteer corn; monitor fields regularly,Select hybrids with rust resistance ratings >7; early season scouting; apply fungicides when disease severity exceeds 5% on lower leaves before tasseling,Sulfur-based fungicides; neem oil; Bordeaux mixture; potassium bicarbonate sprays,Well-drained soil; avoid waterlogging; balanced soil fertility,Avoid overhead irrigation; furrow or drip preferred; reduce leaf wetness duration,Adequate NPK; silicon supplements improve disease resistance; potassium strengthens cell walls,Monitor from V6 stage; apply fungicides by VT (tasseling) if infection pressure high,"corn,common_rust,puccinia,fungal,rust"
Corn (Maize),Northern Leaf Blight,Diseased,Exserohilum turcicum (fungus),"Large, cigar-shaped, grayish-green to tan lesions 5-20cm long on leaves; lesions develop from lower leaves upward; DK spores visible in lesions",Azoxystrobin (0.1%); Propiconazole (0.1%); Trifloxystrobin; Pyraclostrobin; apply at VT to R1 stage; FRAC group rotation recommended,Bacillus subtilis (Serenade); Trichoderma-based products; neem oil foliar sprays; induced systemic resistance activators,Rotate with non-host crops for 2+ years; till crop residue deeply; use resistant hybrids (HtN gene hybrids); remove crop debris after harvest,Plant resistant hybrids; crop rotation; field scouting from V8 stage; apply fungicides when lesions first appear on lower leaves before tasseling,Copper hydroxide sprays; Bordeaux mixture; sulfur applications; compost tea foliar spray,Good drainage; avoid compaction; organic matter for soil health,Drip or furrow irrigation; minimize leaf wetness; avoid late evening irrigation,Balanced N-P-K; avoid excess nitrogen which promotes lush susceptible tissue; silicon application (100-150kg/ha) improves resistance,Most vulnerable: V8 through silking; critical fungicide window: VT to R1,"corn,northern_leaf_blight,exserohilum,fungal,foliar"
Corn (Maize),Healthy,Healthy,None,No symptoms - plant is healthy,Preventive fungicide at tasseling in high-risk areas; seed treatment with fungicide + insecticide; soil insecticide for rootworm control,Mycorrhizal seed inoculants; Bacillus subtilis seed treatment; Trichoderma root inoculants; compost for soil biology,2-year rotation minimum; proper plant spacing (65-75cm rows); weed management; timely harvest,Scout fields weekly; maintain spray records; use certified disease-free seed; choose hybrids suited to local disease pressure,Seed treatment with Trichoderma; compost applications; silica supplements; seaweed liquid fertilizer,pH 5.8-7.0; deep tillage; organic matter >3%; avoid compaction with controlled traffic,60-70mm/week during vegetative; 100-150mm at pollination; furrow or drip preferred,N: 150-200kg/ha split; P: 60-80kg/ha; K: 60-100kg/ha; Zn: 5-10kg/ha; B: 1-2kg/ha,Year-round field management; critical periods at emergence and tasseling,"corn,healthy,preventive,maintenance"
Grape,Black Rot,Diseased,Guignardia bidwellii (fungus),Circular tan to brown leaf spots with dark borders; fruit starts as white spots then turns brown-black; shriveled mummified berries remain on cluster,Mancozeb (0.25%); Myclobutanil; Captan; Azoxystrobin; Tebuconazole; spray every 7-10 days from bud break; critical coverage at 2-4 weeks after bloom,Bacillus subtilis (Serenade Max); Trichoderma-based biocontrol; copper-based organic products; neem oil preventive sprays,Remove mummified berries from vines and ground; prune infected canes; thin canopy for air circulation; remove leaves around fruit clusters at bloom,Apply protectant fungicides from bud break; critical spray window is 2-4 weeks post-bloom; remove overwintering mummies before bud break,Copper hydroxide (0.3%); Bordeaux mixture; sulfur-copper mixtures; neem oil,Well-drained soils; avoid waterlogging; proper vine row orientation for sun exposure and drying,Drip irrigation only; avoid wetting foliage; irrigate in early morning,Balanced NPK; avoid excess nitrogen; potassium for berry quality and disease resistance,Critical period: 2-4 weeks after bloom; continue through veraison,"grape,black_rot,guignardia,fungal,fruit_rot"
Grape,Esca (Black Measles),Diseased,"Phaeomoniella chlamydospora, Phaeoacremonium spp. (fungal complex)",Tiger-stripe pattern on leaves (interveinal chlorosis); dark berries with internal brown streaking; apoplexy (sudden vine death); wood shows brown-black internal staining,No curative treatment available; sodium arsenite (banned in many countries); thiophanate-methyl wound treatments; tebuconazole wound protectants after pruning,Trichoderma asperellum wound treatments; Bacillus subtilis wound protectants; Gliocladium roseum biocontrol; apply bioagents within 24h of pruning,Remove and destroy severely infected vines; prune in dry weather; remove dead arms and retrain; apply wound sealants after all cuts; delay pruning until late winter,Use certified disease-free planting material; protect pruning wounds immediately; avoid pruning in wet weather; disinfect pruning tools between vines,Wound sealants with essential oils; copper-based wound protectants; garlic extract wound treatment; Trichoderma paste wound application,Improve drainage; reduce vine stress; balanced soil fertility; avoid drought stress,Consistent irrigation to reduce vine stress; avoid drought followed by excess water,Balanced nutrition to maintain vine vigor; avoid over-cropping; magnesium and potassium for canopy health,Pruning wound protection is critical in late winter; monitor throughout season,"grape,esca,black_measles,trunk_disease,wood_rot"
Grape,Leaf Blight (Isariopsis Leaf Spot),Diseased,Pseudocercospora vitis (formerly Isariopsis clavispora) (fungus),Irregular dark brown lesions on upper leaf surface; grayish spore masses on underside; yellowing around lesions; severe defoliation in late season,Mancozeb (0.25%); Copper oxychloride; Captan; Azoxystrobin; Tebuconazole; apply every 10-14 days during rainy season,Bacillus subtilis foliar sprays; Trichoderma-based products; neem oil (3ml/L) spray schedule; copper-based organic fungicides,Remove infected leaves and destroy; improve canopy air circulation through leaf removal; avoid overhead irrigation; weed management under vines,Preventive fungicide program from post-bloom; monitor during high humidity periods; maintain open canopy,Bordeaux mixture (1%); copper hydroxide; sulfur-copper combinations; neem extract spray,Good drainage; mulching to prevent soil splash; pH 6.0-6.5,Drip irrigation; never wet foliage; irrigate in early morning if overhead systems used,Balanced NPK; potassium improves disease resistance; calcium for cell wall strength,Most common in late summer/monsoon; spray program from veraison onward,"grape,leaf_blight,isariopsis,fungal,foliar"
Grape,Healthy,Healthy,None,No symptoms - plant is healthy,Preventive program: Mancozeb + Metalaxyl from bud break; copper sprays in dormant season; systemic fungicides post-bloom; insecticide rotations,Trichoderma root treatments; Bacillus subtilis foliar preventives; mycorrhizal inoculants; compost tea applications,Annual pruning to maintain vine structure; shoot positioning for light exposure; bunch thinning; canopy management; weed control,Integrated pest management calendar; regular scouting; maintain spray records; use disease-indexed planting material,Sulfur sprays from bud break; copper dormant sprays; kaolin clay at bunch closure; neem oil schedule,pH 6.0-6.5; deep well-drained soil; organic matter; cover crops between rows,Drip irrigation 20-40L/vine/week; deficit irrigation post-veraison for berry quality,Balanced NPK + micronutrients; leaf tissue analysis annually; magnesium for chlorophyll; boron for berry set,Year-round management from dormancy through harvest; post-harvest nutrition important,"grape,healthy,preventive,maintenance"
Orange,Haunglongbing (Citrus Greening / HLB),Diseased,Candidatus Liberibacter asiaticus (bacteria) transmitted by Asian Citrus Psyllid,"Blotchy mottle (asymmetric yellow-green mottling on leaves); lopsided, bitter, green fruit at harvest; inverted color (green near stem when ripe); zinc deficiency-like leaf symptoms; small fruit with aborted seeds",No cure exists; control vector (psyllid): Imidacloprid soil drench; Spirotetramat; Thiamethoxam; Chlorpyrifos + Cypermethrin; Dimethoate sprays; thermotherapy (heat treatment at 40-42°C for 30 min experimental),"Tamarixia radiata (parasitoid wasp) for psyllid biocontrol; Entomopathogenic fungi (Beauveria bassiana, Isaria fumosorosea) for psyllid; Bacillus pumilus for plant health support; antimicrobial bactericides (thermotherapy + nutrient injection research ongoing)",Remove and destroy infected trees immediately to prevent spread; use certified disease-free nursery stock only; strict psyllid vector management; establish new orchards away from infected areas; use reflective mulches to confuse psyllids,Plant HLB-free certified budwood; inspect nursery plants before planting; establish psyllid exclusion nets in nurseries; implement psyllid monitoring (yellow sticky traps); use quarantine practices; mandatory reporting in regulated zones,Neem oil + neem cake for psyllid suppression; orange oil spray for psyllid contact kill; pyrethrin-based insecticides; kaolin clay repels psyllids; garlic + pepper extract sprays; thermotherapy (experimental),Maintain optimal nutrition to slow disease progression; pH 6.0-7.0; good drainage; organic matter supplements for tree health,Maintain consistent soil moisture; drip irrigation preferred; avoid water stress which accelerates symptom expression,"Aggressive nutritional program to extend productive life: weekly foliar micronutrient sprays (Zn, Mn, B, Fe, Cu); high potassium fertilization; trunk injections of tetracycline + zinc (where permitted) to suppress bacteria; foliar potassium phosphite",Vector management year-round; peak psyllid activity during flush periods; remove trees at first confirmed diagnosis,"orange,citrus_greening,HLB,bacterial,psyllid,quarantine_disease"
Peach,Bacterial Spot,Diseased,Xanthomonas arboricola pv. pruni (bacteria),"Water-soaked spots on leaves becoming angular, brown-purple lesions with yellow halos; shot-hole appearance; sunken spots on fruit; cankers on twigs; fruit cracking",Copper hydroxide (0.3%); Copper oxychloride; Oxytetracycline (where permitted) post-bloom; Kasugamycin; apply copper sprays in fall and early spring; post-bloom bactericides every 7 days,Bacillus subtilis (Serenade) foliar sprays; Bacillus amyloliquefaciens; antagonistic bacteria sprays; copper + biological combinations,"Plant resistant varieties (Contender, Redhaven, Reliance); prune infected twigs 15cm below lesions; remove infected fruit; improve air circulation; avoid wounding",Apply copper bactericides from shuck fall; avoid overhead irrigation; plant in well-ventilated sites; use windbreaks to reduce leaf damage; scout after hailstorms,Copper-based bactericides; Bordeaux mixture; Bacillus-based biocontrol; seaweed extract for plant immunity,Well-drained soil; pH 6.0-6.5; avoid waterlogging; mulch to reduce splash,Drip irrigation only; avoid all overhead watering which spreads bacteria,Balanced NPK; avoid excess nitrogen late season; calcium sprays reduce infection; silicon for cell wall strength,Most critical: from petal fall through early summer; apply bactericides after every rain event,"peach,bacterial_spot,xanthomonas,bacterial,foliar,fruit"
Peach,Healthy,Healthy,None,No symptoms - plant is healthy,Dormant spray: lime sulfur + oil; petal fall copper spray; cover sprays with Captan or Mancozeb; insecticide for Oriental fruit moth and Peach twig borer,Bacillus subtilis preventive program; mycorrhizal root inoculants; pheromone traps for moth monitoring; beneficial insect habitat,Annual pruning (open center system); fruit thinning to 15-20cm spacing; weed management; remove diseased material promptly,"Full spray calendar from dormancy through harvest; monitor for brown rot, scab, bacterial spot; post-harvest copper application; winter cleaning",Copper dormant sprays; kaolin clay for insect management; neem oil preventive program; pheromone traps,pH 6.0-6.5; well-drained loam; organic matter 3-4%; annual compost,Drip irrigation 30-50L/tree/week; carefully manage at fruit ripening; reduce 2-3 weeks before harvest,N 50-80kg/ha split; K for fruit quality; Ca foliar sprays; annual soil and leaf tissue analysis,Year-round management; dormant season care critical; post-harvest nutrition for reserves,"peach,healthy,preventive,maintenance"
Pepper (Bell),Bacterial Spot,Diseased,"Xanthomonas euvesicatoria, X. vesicatoria, X. perforans, X. gardneri (bacteria)",Water-soaked spots on leaves becoming brown with yellow halos; scab-like raised spots on fruit; shot-hole in severe cases; defoliation; yield loss,Copper hydroxide (0.3%); Copper oxychloride; Mancozeb + Copper combination; Oxytetracycline (where permitted); spray every 5-7 days during wet weather; tank-mix copper with Mancozeb,"Bacillus subtilis (Serenade); Bacillus amyloliquefaciens; Lysobacter enzymogenes; phage-based biocontrol (Agriphage); seed treatment with hot water (50°C, 25 min)","Use certified disease-free seed; hot water seed treatment; resistant varieties (Revolution, Aristotle, Declaration); crop rotation 2-3 years; avoid overhead irrigation; stake and tie plants for air circulation",Start copper sprays at transplanting; increase frequency during rain; avoid working in wet fields (spreads bacteria); use drip irrigation; windbreaks to reduce spread,Copper-based bactericides; Bordeaux mixture; hot water seed treatment; Bacillus biocontrol; hydrogen peroxide foliage sprays,Well-drained soil; raised beds for drainage; pH 6.0-7.0; avoid compaction,Drip irrigation essential; never use sprinklers; irrigate in morning,Balanced NPK; avoid excess nitrogen; calcium for cell wall integrity; potassium for disease resistance,"Most severe in warm, wet weather; critical from transplanting through fruit set","pepper,bacterial_spot,xanthomonas,bacterial,foliar,fruit"
Pepper (Bell),Healthy,Healthy,None,No symptoms - plant is healthy,Preventive copper sprays at transplanting; Mancozeb for fungal prevention; insecticide for aphid and thrips control (they transmit viruses),Bacillus subtilis preventive program; Trichoderma root inoculants; beneficial insects (Aphidoletes for aphid control); neem oil preventive schedule,Certified disease-free transplants; crop rotation 3 years; weed management; staking; removal of yellow/infected leaves; proper spacing 45-60cm,Scout weekly for pests and disease; reflective mulch to repel aphids; use insect exclusion nets; maintain healthy plants through proper nutrition,Neem oil preventive sprays; reflective mulch; kaolin clay; compost mulch; seaweed foliar sprays for immunity,pH 6.0-7.0; raised beds; compost incorporation; well-drained loam,Drip irrigation; consistent moisture; 25-40mm/week; mulch to retain moisture,N: 100-150kg/ha split; P: 50-80kg/ha; K: 100-150kg/ha; Ca and Mg foliar; boron at flowering,Critical establishment period (first 4 weeks); virus risk highest when aphid populations peak,"pepper,healthy,preventive,maintenance"
Potato,Early Blight,Diseased,Alternaria solani (fungus),"Dark brown to black concentric ring lesions (target board appearance) on older leaves; yellow halo around lesions; lower leaves affected first; tuber surface lesions (dark, sunken, corky)",Mancozeb (0.25%); Chlorothalonil; Azoxystrobin; Difenoconazole; Iprodione; Boscalid; spray every 7-10 days from first symptoms; alternate FRAC groups to prevent resistance,Bacillus subtilis (Serenade); Trichoderma viride; Streptomyces lydicus; neem oil + karanja oil mixture; compost extract sprays,Certified disease-free seed tubers; crop rotation 3 years; destroy volunteer potatoes; remove infected leaves; hill up plants to protect tubers; harvest at proper maturity,Preventive fungicide at 45 days after emergence (DAE); avoid nitrogen deficiency; plant early maturing varieties; scout from V4 stage,Copper hydroxide; Bordeaux mixture; sulfur-copper mixtures; neem oil (3ml/L); Bacillus-based products,pH 5.5-6.5; well-drained; avoid waterlogging; hilling to protect tubers from infection,Avoid overhead irrigation if possible; furrow or drip irrigation; avoid wetting foliage; irrigate in morning,Avoid nitrogen deficiency (predisposes to early blight); balanced NPK; potassium for disease resistance; calcium for tuber quality,Most severe after canopy closure; spray from 40-45 DAE through vine kill,"potato,early_blight,alternaria,fungal,foliar,tuber"
Potato,Late Blight,Diseased,Phytophthora infestans (oomycete - water mold),Water-soaked pale green lesions on leaves rapidly turning brown-black; white fluffy sporulation on leaf underside; entire plant can collapse in 7-10 days; brown rot inside tubers; foul smell,Metalaxyl + Mancozeb (Ridomil Gold); Cymoxanil + Mancozeb; Dimethomorph + Mancozeb; Propamocarb; Mandipropamid; Ametoctradin; spray every 5-7 days during wet weather; NEVER use mefenoxam alone (resistance common),Bacillus subtilis (Serenade Opti); Pseudomonas fluorescens; Trichoderma viride; copper + Bacillus combinations; Biocontrol effective only in preventive use,"Certified disease-free seed; destroy cull piles (major inoculum source); plant resistant varieties (Sarpo Mira, Defender, Jacqueline Lee); hill up to protect tubers; harvest once vines dead; cure harvested tubers","Use Blight Advisory Systems (BlightPro, NegFry, Prophy) for spray timing; preventive sprays before infection period; use pathogen-free certified seed; strict sanitation",Copper hydroxide (0.3%); Bordeaux mixture (1-2%); copper oxychloride; fixed copper sprays every 5-7 days; fosetyl-aluminum (where certified organic),Well-drained soil essential; ridge up high to protect tubers; avoid compaction; good tilth,Avoid overhead irrigation; furrow irrigation; minimize leaf wetness; avoid late evening irrigation,Adequate potassium (150-200kg/ha) for disease resistance; avoid excess nitrogen; calcium for tuber skin integrity; phosphonate applications may help,Can develop any time; most severe when temperature 10-25°C with >90% humidity for 2+ days (Blight Period); emergency sprays within 24h of blight period,"potato,late_blight,phytophthora,oomycete,foliar,tuber,emergency"
Potato,Healthy,Healthy,None,No symptoms - plant is healthy,Preventive late blight program: Mancozeb from 45 DAE; scheduled sprays on 7-day calendar; seed treatment with Thiram + Metalaxyl; nematicide application if nematode history,Trichoderma + Pseudomonas seed treatment; mycorrhizal inoculants for root health; Bacillus subtilis preventive foliar; compost soil amendment,Certified disease-free seed potatoes; crop rotation 3-4 years; volunteer potato control; hilling at 30 and 50 DAE; timely harvest; proper curing,Blight advisory system monitoring; weekly field scouting; soil temperature monitoring for Rhizoctonia; aphid monitoring for virus transmission,Copper sprays preventive schedule; Trichoderma seed treatment; seaweed bio-stimulant; neem cake soil application,pH 5.5-6.5; well-drained loam; deep tillage; organic matter 3-4%; avoid soil compaction,30-35mm/week; critical at tuber initiation and bulking; reduce before harvest; furrow irrigation preferred,N: 120-150kg/ha; P: 80-100kg/ha; K: 150-200kg/ha; Mg: 20-30kg/ha; B: 1-2kg/ha; Ca for tuber quality,Year-round management; off-season: select and store good seed; in-season: spray program from emergence,"potato,healthy,preventive,maintenance"
Raspberry,Healthy,Healthy,None,No symptoms - plant is healthy,Dormant copper sprays for cane disease prevention; Captan/Thiram for gray mold at bloom; miticide for spider mite prevention; insecticide for raspberry beetle,Bacillus subtilis foliar preventive; Trichoderma for root health; Beauveria bassiana for insect pest control; mycorrhizal inoculants at planting,Remove spent floricanes after harvest; thin primocanes to 5-6/linear ft; tie canes to trellis; weed control; fall renovation of hedgerows; remove diseased canes immediately,"Scout for raspberry bushy dwarf virus, cane blight, spur blight; monitor for SWD from pre-harvest; cover with exclusion netting; aphid control for virus prevention",Copper hydroxide dormant; sulfur sprays for cane diseases; neem oil preventive; kaolin clay for SWD; Spinosad for raspberry beetle,pH 5.5-6.5; excellent drainage (raised beds if needed); organic matter 4-5%; annual compost; avoid clay soils,Drip irrigation essential; 30-40mm/week; critical at fruit swell; avoid wetting canes,N: 50-70kg/ha in spring only; K: 100-150kg/ha; Mg: 15-20kg/ha; annual soil and tissue test; iron chelate if pH high,Year-round cane management; fall: remove spent canes; spring: tie and train; summer: SWD monitoring critical,"raspberry,healthy,preventive,maintenance"
Soybean,Healthy,Healthy,None,No symptoms - plant is healthy,"Seed treatment: fungicide (Metalaxyl + Fludioxonil) + insecticide (Imidacloprid); foliar fungicide at R1-R3 if warranted (Azoxystrobin, Propiconazole); herbicides per weed pressure",Bradyrhizobium japonicum inoculant (CRITICAL for N fixation); Trichoderma seed treatment; mycorrhizal inoculants; biocontrol for soybean aphid,"Crop rotation (corn-soybean-wheat); certified disease-free seed; proper plant population (300,000-350,000/ha); timely planting; weed management; proper inoculation",Scout for soybean rust (from R1 stage); monitor for SCN and SDS in history fields; aphid monitoring from V2; use SCN-resistant varieties where applicable,Bradyrhizobium inoculant; neem oil for aphid; compost application; cover crops for soil health; Beauveria for aphid biocontrol,pH 6.0-7.0; well-drained; avoid compaction; 3-4% organic matter; no-till or minimum tillage benefits,Rainfed mostly; supplemental irrigation at R1 (flowering) and R5 (seed fill) if dry; 25-40mm/week at critical stages,Rhizobium provides N; P: 40-60kg/ha; K: 60-80kg/ha; S: 20-25kg/ha; B: 1-2kg/ha; Zn if deficient; foliar micronutrients at V4,Inoculate at planting; scout from emergence; fungicide decision at R1-R3; harvest at R7-R8,"soybean,healthy,preventive,maintenance,rhizobium"
Squash,Powdery Mildew,Diseased,"Podosphaera xanthii, Erysiphe cichoracearum (fungi)",White powdery fungal patches on upper and lower leaf surfaces; yellowing of infected leaves; premature defoliation; reduced fruit size and yield,Myclobutanil; Azoxystrobin; Trifloxystrobin; Potassium bicarbonate; Sulfur (not above 32°C); Quinoxyfen; apply every 7-10 days; alternate FRAC groups,Bacillus subtilis (Serenade); Ampelomyces quisqualis (AQ10); Trichoderma-based products; milk spray (10% skim milk weekly); neem oil (3ml/L),"Plant resistant varieties (Dunja, Esteem, Camille); remove heavily infected leaves; improve plant spacing for air circulation; avoid overhead irrigation; grow in full sun","Scout from 4 weeks after transplanting; apply preventive sprays when weather favors disease (hot days, cool nights); avoid excess nitrogen fertilization",Potassium bicarbonate (5g/L); baking soda (5g/L + horticultural oil 1ml/L); sulfur dust; neem oil; milk spray; copper soap,Well-drained soil; avoid waterlogging; mulch to maintain soil moisture,Drip irrigation at base of plant; never wet foliage; morning irrigation if overhead necessary,Avoid excess nitrogen (promotes susceptible succulent growth); balanced NPK; silicon (1-2g/L foliar) improves resistance significantly,Most severe in mid-to-late season; hot dry days + cool humid nights favor infection; spray from first signs,"squash,powdery_mildew,fungal,foliar,cucurbit"
Strawberry,Leaf Scorch,Diseased,Diplocarpon earliana (fungus),"Small, dark purple to red spots on upper leaf surface; spots merge giving scorched appearance; purplish-red leaf margin; leaf blade turns reddish-brown to brown; severe defoliation",Captan (0.2%); Myclobutanil; Tebuconazole; Azoxystrobin; Pyraclostrobin; apply every 7-14 days from early spring; continue through harvest and renovate,Bacillus subtilis foliar sprays; Trichoderma-based biocontrol; neem oil (3ml/L); copper-based organic fungicides,Remove infected leaves during renovation; rogue and destroy severely infected plants; improve bed drainage; increase plant spacing; avoid excess nitrogen; proper renovation after harvest (mow + narrow rows),"Preventive fungicide from first green growth in spring; plant resistant varieties (Allstar, Tristar, Seascape); certified disease-free runners; proper renovation practices",Copper hydroxide sprays; sulfur applications; neem oil program; Bordeaux mixture,pH 5.5-6.5; well-drained raised beds; mulch with straw to prevent soil splash; proper spacing 30x30cm,Drip irrigation under plastic mulch ideal; avoid all overhead irrigation; water in morning if unavoidable,Balanced NPK; avoid excess nitrogen; potassium for disease resistance; calcium for fruit firmness; annual soil test,Spring application most important; continue through season; post-harvest renovation and fungicide,"strawberry,leaf_scorch,diplocarpon,fungal,foliar"
Strawberry,Healthy,Healthy,None,No symptoms - plant is healthy,Preventive Captan program from green tip; Botryticide at bloom; Miticide for mite prevention; systemic insecticide for tarnished plant bug; pre-plant soil fumigation for Verticillium,Trichoderma soil inoculants; mycorrhizal fungi at planting; Bacillus subtilis foliar preventive; predatory mites (Phytoseiidae) for spider mite biocontrol; Bombus bees for pollination,"Certified virus-indexed planting material; annual replacement recommended; proper renovation (mow, narrow, thin, fertilize); weed management; plastic mulch culture","Scout for Botrytis, angular leaf spot, anthracnose, Verticillium wilt; SWD monitoring; proper runner management; irrigation scheduling",Copper sprays; neem oil schedule; pyrethrin for tarnished plant bug; Spinosad for thrips; straw mulch; biochar soil amendment,pH 5.5-6.5; excellent drainage; raised beds 15-20cm high; fumigation history fields; organic matter 3-4%,Drip under plastic mulch ideal; 25-35mm/week; frost protection overhead if needed; moisture sensor monitoring,Preplant: P and K based on soil test; N: 60-80kg/ha split; Ca foliar; foliar micronutrients monthly; avoid excess N at planting,Year-round care; spring startup critical; summer renovation; fall planting (day-neutral); winter mulch protection,"strawberry,healthy,preventive,maintenance"
Tomato,Bacterial Spot,Diseased,"Xanthomonas euvesicatoria, X. vesicatoria, X. perforans, X. gardneri (bacteria)","Small water-soaked spots on leaves turning brown with yellow halo; shot-hole lesions; raised, scabby spots on fruit; defoliation; fruit unmarketable","Copper hydroxide (0.3%); Copper oxychloride; Mancozeb + Copper tank-mix; Oxytetracycline (Mycoshield, where registered); spray every 5-7 days in wet weather; add Mancozeb to reduce copper resistance","Bacillus subtilis (Serenade); Bacillus amyloliquefaciens; bacteriophage products (Agriphage); hot water seed treatment (50°C, 25 min); Lysobacter enzymogenes; plant defense activators (Actigard)","Certified disease-free seed or hot water treated seed; resistant varieties (Fletcher, BHN 589, Tasti-Lee); 2-3 year rotation; staking + pruning for airflow; avoid overhead irrigation; mulch; disinfect tools",Start copper at transplanting; spray after every rain; avoid field work when wet; reflective mulch reduces aphid-borne viruses; transplant scouting for symptoms,Copper hydroxide; Bordeaux mixture; Bacillus biocontrol; hydrogen peroxide spray (0.5-1%); vinegar spray (very dilute); seaweed extract,pH 6.0-7.0; raised beds; good drainage; plastic mulch to prevent soil splash,Drip irrigation only; stake plants before irrigating; avoid wetting foliage,Balanced NPK; calcium-potassium balance for resistance; avoid excess nitrogen; boron at flowering for fruit set,"Entire growing season; most severe in warm, wet, windy conditions; spray after every significant rain","tomato,bacterial_spot,xanthomonas,bacterial,foliar,fruit"
Tomato,Early Blight,Diseased,Alternaria solani (fungus),Concentric ring bull's-eye lesions on older lower leaves; dark brown to black lesions; yellow halo; defoliation from bottom up; stem lesions; sunken dark spots at stem end of fruit,Mancozeb (0.25%); Chlorothalonil; Azoxystrobin; Difenoconazole; Boscalid + Pyraclostrobin; Iprodione; spray every 7-10 days from first symptoms; FRAC rotation essential,Bacillus subtilis (Serenade/Cease); Trichoderma harzianum; neem oil (3ml/L) + karanja oil; Streptomyces lydicus; Pseudomonas fluorescens foliar,Remove lower infected leaves when <50% affected; stake plants for air circulation; mulch with plastic; deep water rather than frequent; remove all crop debris after harvest; rotation 2-3 years,"Preventive fungicide from 30 DAT (days after transplanting); scout weekly; plant resistant varieties (Mountain Fresh, Plum Crimson, Big Beef); certified transplants",Copper-based fungicides; Bordeaux mixture; baking soda + oil spray; neem extract; compost tea sprays; sulfur applications,pH 6.0-7.0; plastic mulch to prevent soil splash; good drainage; compost incorporation,Drip irrigation under mulch; water deeply 2-3x/week; avoid wetting foliage; morning irrigation only,Adequate nitrogen (not deficient); balanced K-Ca; magnesium for lower leaf retention; foliar micronutrients,Begin preventive program 30 DAT; most severe at fruit set; continues through harvest,"tomato,early_blight,alternaria,fungal,foliar"
Tomato,Late Blight,Diseased,Phytophthora infestans (oomycete),"Large, irregularly shaped, greasy water-soaked lesions on leaves; white fluffy growth on underside; rapid browning and death of entire plant possible; brown lesions on stem; fruit shows firm brown internal rot",Metalaxyl + Mancozeb (Ridomil Gold MZ); Cymoxanil + Mancozeb; Mandipropamid (Revus); Fluopicolide; Dimethomorph; Ametoctradin; spray every 5-7 days; NEVER use Metalaxyl alone; rotate modes of action,Bacillus subtilis (Serenade Opti) - preventive only; copper + Bacillus combination; Pseudomonas fluorescens; Trichoderma - supportive only; phosphonate sprays,"Remove and destroy infected plants immediately; do not compost infected material; plant resistant varieties (Mountain Merit, Plum Regal, Defiant, Jasper); stake for air circulation; avoid overhead irrigation",Monitor Blight alerts (TOMCAST system); spray before infection periods; use Blight-resistant varieties; source certified transplants; isolate from potato fields,Copper hydroxide (0.3%) every 5-7 days; Bordeaux mixture; fixed copper products; fosetyl-Al (some organic programs); phosphite salts,Good drainage essential; raised beds; plastic mulch; avoid overhead irrigation completely,Drip ONLY; zero overhead irrigation; reduce leaf wetness period below 10 hours,Potassium at 150-200kg/ha; balanced nutrition; phosphonate applications for systemic resistance; calcium for cell integrity,Can occur anytime; most severe: cool (10-25°C) wet weather; emergency spray within 24h of blight period; check alerts daily,"tomato,late_blight,phytophthora,oomycete,foliar,emergency"
Tomato,Leaf Mold,Diseased,Passalora fulva (formerly Fulvia fulva / Cladosporium fulvum) (fungus),Pale greenish-yellow spots on upper leaf surface; olive-green to brown velvety mold on lower leaf surface; infected leaves curl upward; primarily affects lower leaves; primarily a greenhouse/poly-house disease,Chlorothalonil; Mancozeb; Azoxystrobin; Difenoconazole; Myclobutanil; Tebuconazole; spray every 7-10 days; improve ventilation alongside chemical control,Bacillus subtilis foliar sprays; Trichoderma applications; neem oil (3ml/L); plant defense activators; beneficial fungi competition,"Reduce greenhouse humidity to <85% (critical); improve ventilation significantly; remove infected leaves; prune lower leaves; plant resistant varieties with Cf resistance genes (Quest, Dombito, Claresse)",Maintain RH <85% constantly; use resistant varieties; preventive fungicide at crop establishment; regular removal of lower leaves from 4th truss upward,Sulfur vaporizers in greenhouse (for mildew and mold); copper sprays; neem oil; potassium bicarbonate; ventilation management most important,Avoid excessive watering that increases humidity; proper drainage; raised substrate culture in glasshouse,Reduce irrigation to lower transpiration; drip irrigation; never wet foliage; early morning irrigation,Balanced nutrition; avoid excess nitrogen; adequate potassium; calcium for cell walls,Greenhouse/polyhouse crop: monitor during cool wet weather; maintain ventilation year-round,"tomato,leaf_mold,cladosporium,fungal,greenhouse,foliar"
Tomato,Septoria Leaf Spot,Diseased,Septoria lycopersici (fungus),"Small, circular spots (3-6mm) with dark brown margins and lighter tan-grey centres; small black pycnidia (fruiting bodies) visible in spot centre; severe lower leaf defoliation; fruit rarely affected directly",Chlorothalonil (0.2%); Mancozeb (0.25%); Copper-based fungicides; Azoxystrobin; Boscalid; Difenoconazole; spray every 7-10 days from first signs; protectant fungicides most important,Bacillus subtilis sprays (Serenade); Trichoderma-based products; neem oil program; compost tea sprays; Pseudomonas biocontrol,Remove infected lower leaves; crop rotation 2-3 years; stake plants for air circulation; plastic mulch to prevent soil splash; remove all crop residue; avoid weed hosts (especially black nightshade),Apply preventive fungicide at first flower; maintain spray schedule; avoid overhead irrigation; source certified transplants; scout weekly from transplanting,Copper hydroxide spray; Bordeaux mixture; neem oil; sulfur applications; compost tea; mulching,pH 6.0-7.0; mulch to prevent splash; good drainage; compost incorporation for soil biology,Drip irrigation under plastic mulch; no overhead; water at base only,Avoid nitrogen deficiency (accelerates disease on stressed plants); balanced K-Ca-Mg; micronutrient foliar,Appears early in season; progresses upward; most critical at fruit ripening when defoliation causes sunscald,"tomato,septoria_leaf_spot,fungal,foliar,defoliation"
Tomato,Spider Mites (Two-Spotted Spider Mite),Diseased,Tetranychus urticae (arthropod - arachnid),Tiny yellowish stippling/bronzing on upper leaf surface; fine webbing on underside of leaves; leaves turn bronze-yellow then brown; rapid plant decline in hot dry conditions; visible tiny mites under magnification,Abamectin (0.002%); Bifenazate; Hexythiazox; Fenpyroximate; Spiromesifen; Etoxazole; ROTATE CAREFULLY (resistance common); 2 sprays 5-7 days apart covering leaf undersides; never use pyrethroid (increases mites),"Phytoseiid predatory mites: Phytoseiulus persimilis (primary), Neoseiulus californicus, Amblyseius andersoni; Stethorus punctillum (predatory beetle); Feltiella acarisuga (midge); Beauveria bassiana sprays; insecticidal soap",Maintain plant humidity (spider mites love hot dry conditions); remove heavily infested leaves/plants; avoid dusty conditions on plants; weed control; avoid water stress; early season monitoring,Scout undersides of leaves weekly from transplanting; avoid broad-spectrum insecticides that kill natural enemies; monitor hot dry spots in field; introduce predatory mites preventively in greenhouse,Insecticidal soap (2%); neem oil (3ml/L); canola oil spray; pyrethrin; Beauveria bassiana; water sprays to dislodge mites; rosemary oil; peppermint oil; garlic extract,Maintain soil moisture to avoid plant stress; mulch to conserve moisture; compost for soil health,Maintain adequate irrigation to avoid plant drought stress (drought increases spider mite susceptibility); overhead sprinkler irrigation suppresses mites in field crops,Balanced nutrition; avoid nitrogen excess (promotes lush tissue preferred by mites); adequate phosphorus; silicon supplementation (100-150mg/L) significantly reduces mite populations by strengthening leaf tissue,"Most severe in hot, dry conditions (above 30°C); can complete generation in 5-7 days in summer; emergency response within 48h of detection","tomato,spider_mites,tetranychus,arthropod,acaricide,biological_control"
Tomato,Target Spot,Diseased,Corynespora cassiicola (fungus),Circular brown lesions with concentric ring pattern (target-like); brown lesions on fruit (shallow); stem lesions; affects all aerial plant parts; zonate pattern more diffuse than early blight,Azoxystrobin + Difenoconazole; Boscalid + Pyraclostrobin; Tebuconazole; Mancozeb + Cymoxanil; Chlorothalonil; Thiram; spray every 7-14 days,Bacillus subtilis sprays; Trichoderma-based biocontrol; neem oil (3ml/L); Copper-based organic fungicides; compost tea foliar,Remove infected leaves; improve air circulation; crop rotation 2-3 years; plastic mulch; remove all residue post-harvest; resistant varieties where available,Preventive fungicide from 30 DAT; maintain good plant spacing; stake for ventilation; avoid high humidity in greenhouse,Copper hydroxide; Bordeaux mixture; neem oil; sulfur applications; potassium bicarbonate,pH 6.0-7.0; good drainage; mulch; compost,Drip irrigation; avoid wetting foliage; morning irrigation,Balanced NPK; adequate potassium; calcium sprays; avoid excess nitrogen,Warm humid conditions; most severe in rainy season; manage canopy to reduce humidity,"tomato,target_spot,corynespora,fungal,foliar,fruit"
Tomato,Tomato Yellow Leaf Curl Virus (TYLCV),Diseased,Tomato Yellow Leaf Curl Virus (Begomovirus) transmitted by Bemisia tabaci (whitefly),Upward curling and yellowing of leaf margins; small cupped leaves; stunted plant growth; flower drop; severely reduced fruit set; plant remains alive but unproductive,No cure for virus; CONTROL VECTOR (whitefly): Imidacloprid soil drench at transplanting; Thiamethoxam; Spirotetramat; Pymetrozine; Flupyradifurone; Cyantraniliprole; rotate insecticide classes to prevent resistance,Encarsia formosa (parasitic wasp) for whitefly biocontrol; Eretmocerus eremicus; Beauveria bassiana sprays for whitefly; neem oil (3ml/L) repels whitefly; predatory bugs (Macrolophus pygmaeus),"Use TYLCV-resistant varieties (Tylka, TY Kabiria, TY Zohara, Revolution, Escudo); remove and destroy infected plants immediately; use insect-proof nets (50 mesh) in nursery and field; yellow sticky traps for monitoring; weed control",Plant resistant varieties (most important intervention); protect nursery with fine mesh nets; roguing infected plants early; use reflective silver mulch to repel whiteflies; avoid planting near Cucurbit crops,Neem oil + soap spray for whitefly; reflective mulch (silver/aluminum) essential; kaolin clay repels whitefly; pyrethrin insecticide; garlic + pepper extract spray; insecticidal soap,Healthy soil reduces plant stress; pH 6.0-7.0; balanced nutrition; organic matter for resilience,Consistent drip irrigation; avoid plant stress (stressed plants are more susceptible to virus expression); balanced soil moisture,Adequate nutrition to maintain plant vigor; avoid excess nitrogen (promotes whitefly-preferred tissue); potassium for disease tolerance; silicon (1-2g/L) for plant resistance,Year-round threat in warm climates; worst in dry season when whitefly populations peak; destroy plant residues between crops,"tomato,TYLCV,begomovirus,viral,whitefly,vector_borne"
Tomato,Tomato Mosaic Virus (ToMV),Diseased,Tomato Mosaic Virus / Tobacco Mosaic Virus (Tobamovirus) - mechanically transmitted,Mosaic pattern of light and dark green on leaves; leaf distortion and fern-like appearance; internal browning of fruit (brown wall); reduced fruit size; mosaic pattern on fruit,No chemical cure for virus; disinfect tools with 10% trisodium phosphate (TSP) or 2% NaOH; milk sprays on tools inactivate TMV; virus-free seed essential; no registered chemical treatment,Attenuated virus strains for cross-protection (greenhouse only); beneficial soil microbiome reduces stress; no direct biocontrol available,"Plant ONLY ToMV/TMV-resistant varieties (Tm-2 gene: Rutgers, Celebrity, Mountain Spring); use virus-indexed certified seed; disinfect tools between plants (10% TSP or 2% bleach); do not smoke in greenhouse or field; remove infected plants immediately; worker hygiene protocols","Virus-free seed source or hot water treatment (70°C dry heat, 2 days); hand washing before handling plants; no tobacco products near crop; resistant varieties most important; sanitize transplanting equipment; remove all solanaceous weeds",Skim milk spray on tools (inactivates TMV); hot water seed treatment; remove infected plants; plant resistant varieties; maintain tool sanitation with organic disinfectants; no tobacco near crop,Soil sterilization before planting in greenhouse; solarization for field soils; remove all crop residues; virus can survive in soil debris,No specific irrigation recommendation; avoid stressing plants; drip irrigation preferred,Maintain optimal nutrition to minimize virus expression severity; mild nutrition helps symptom tolerance; silicon for plant defense,"Can occur anytime; most spread during pruning, suckering, and transplanting operations; strict hygiene protocols during all contact with plants","tomato,mosaic_virus,TMV,ToMV,tobamovirus,viral,mechanical_transmission"
Tomato,Healthy,Healthy,None,No symptoms - plant is healthy,"Preventive program: Mancozeb + Copper alternating; systemic fungicide at first flower; insecticide rotation for whitefly, aphid, thrips; regular spray calendar",Trichoderma root inoculant at transplanting; Bacillus subtilis preventive foliar; mycorrhizal fungi; predatory insects for whitefly; neem oil preventive program,Disease-free certified transplants; proper spacing 45-60cm; staking; sucker removal with clean tools; mulching; weed control; crop rotation 2-3 years,TYLCV-resistant varieties in whitefly-prone areas; weekly scouting; reflective mulch for insect repulsion; insect-proof nursery; proper hardening off of transplants,Neem oil preventive; copper sprays; Bacillus subtilis; reflective mulch; kaolin clay; silicon foliar,pH 6.0-7.0; organic matter 3-4%; well-drained; raised beds; plastic mulch culture,Drip under mulch; 25-40mm/week; consistent supply; calcium nitrate fertigation for BER prevention,N: 100-150kg/ha split; P: 60-80kg/ha; K: 150-200kg/ha; Ca: 40-50kg/ha; Mg: 15-20kg/ha; B: 1-2kg/ha; weekly fertigation preferred,Year-round management; transplanting care critical; fruit development stage: BER prevention with Ca; post-harvest soil prep,"tomato,healthy,preventive,maintenance"
