Pincode,District,State
504273,KUMURAM BHEEM ASIFABAD,TELANGANA
504209,MANCHERIAL,TELANGANA
506371,HANUMAKONDA,TELANGANA
505415,Jagitial,TELANGANA
505304,RAJANNA SIRCILLA,TELANGANA
506145,JANGOAN,TELANGANA
506223,SIDDIPET,TELANGANA
506342,WARANGAL,TELANGANA
506169,JAYASHANKAR BHUPALAPALLY,TELANGANA
505467,KARIMNAGAR,TELANGANA
506165,Mulugu,TELANGANA
502102,MEDAK,TELANGANA
506102,MAHABUBABAD,TELANGANA
503305,KAMAREDDY,TELANGANA
505415,PEDDAPALLI,TELANGANA
502291,SANGAREDDY,TELANGANA
509130,WANAPARTHY,TELANGANA
509127,JOGULAMBA GADWAL,TELANGANA
509219,MAHABUBNAGAR,TELANGANA
509407,Narayanpet,TELANGANA
509350,VIKARABAD,TELANGANA
508101,YADADRI BHUVANAGIRI,TELANGANA
508255,NALGONDA,TELANGANA
503217,NIZAMABAD,TELANGANA
508201,SURYAPET,TELANGANA
534455,Eluru,ANDHRA PRADESH
531027,Anakapalli,ANDHRA PRADESH
531115,VISAKHAPATANAM,ANDHRA PRADESH
531024,Alluri Sitharama Raju,ANDHRA PRADESH
533005,Kakinada,ANDHRA PRADESH
533437,EAST GODAVARI,ANDHRA PRADESH
535557,Parvathipuram Manyam,ANDHRA PRADESH
535128,VIZIANAGARAM,ANDHRA PRADESH
532148,SRIKAKULAM,ANDHRA PRADESH
533126,Konaseema,ANDHRA PRADESH
786613,DIBRUGARH,ASSAM
787033,LAKHIMPUR,ASSAM
787026,DHEMAJI,ASSAM
782450,WEST KARBI ANGLONG,ASSAM
782482,KARBI ANGLONG,ASSAM
782446,HOJAI,ASSAM
782120,NAGAON,ASSAM
782121,MARIGAON,ASSAM
782411,KAMRUP METRO,ASSAM
507306,BHADRADRI KOTHAGUDEM,TELANGANA
507302,KHAMMAM,TELANGANA
521122,KRISHNA,ANDHRA PRADESH
523113,PRAKASAM,ANDHRA PRADESH
522612,Palnadu,ANDHRA PRADESH
522529,GUNTUR,ANDHRA PRADESH
524203,SPSR NELLORE,ANDHRA PRADESH
523171,Bapatla,ANDHRA PRADESH
523261,NA,NA
534313,WEST GODAVARI,ANDHRA PRADESH
521226,NTR,ANDHRA PRADESH
824232,GAYA,BIHAR
804407,JEHANABAD,BIHAR
804401,ARWAL,BIHAR
811301,JAMUI,BIHAR
811101,SHEIKHPURA,BIHAR
811302,LAKHISARAI,BIHAR
811211,MUNGER,BIHAR
811104,NALANDA,BIHAR
803211,PATNA,BIHAR
801302,NAWADA,BIHAR
821301,ROHTAS,BIHAR
821101,KAIMUR (BHABUA),BIHAR
844111,MUZAFFARPUR,BIHAR
844111,VAISHALI,BIHAR
844506,SAMASTIPUR,BIHAR
494001,RAIPUR,CHHATTISGARH
494553,DANTEWADA,CHHATTISGARH
494450,BIJAPUR,CHHATTISGARH
494224,KONDAGAON,CHHATTISGARH
494122,SUKMA,CHHATTISGARH
518002,KURNOOL,ANDHRA PRADESH
518405,Nandyal,ANDHRA PRADESH
516356,Y.S.R.,ANDHRA PRADESH
517194,Tirupati,ANDHRA PRADESH
517305,Annamayya,ANDHRA PRADESH
517213,CHITTOOR,ANDHRA PRADESH
784149,SONITPUR,ASSAM
848201,BEGUSARAI,BIHAR
852161,KHAGARIA,BIHAR
847201,DARBHANGA,BIHAR
847304,MADHUBANI,BIHAR
845301,PURBI CHAMPARAN,BIHAR
852133,SUPAUL,BIHAR
843128,SHEOHAR,BIHAR
843117,SITAMARHI,BIHAR
854112,KATIHAR,BIHAR
855101,KISHANGANJ,BIHAR
854311,ARARIA,BIHAR
854315,PURNIA,BIHAR
852212,SAHARSA,BIHAR
852101,MADHEPURA,BIHAR
841403,SARAN,BIHAR
841405,GOPALGANJ,BIHAR
841231,SIWAN,BIHAR
845101,PASHCHIM CHAMPARAN,BIHAR
824111,AURANGABAD,BIHAR
813101,BANKA,BIHAR
853201,BHAGALPUR,BIHAR
802202,BHOJPUR,BIHAR
802103,BUXAR,BIHAR
509321,RANGA REDDY,TELANGANA
509324,NAGARKURNOOL,TELANGANA
500036,HYDERABAD,TELANGANA
500039,MEDCHAL MALKAJGIRI,TELANGANA
515445,ANANTAPUR,ANDHRA PRADESH
515144,Sri Sathya Sai,ANDHRA PRADESH
785611,GOLAGHAT,ASSAM
785101,JORHAT,ASSAM
785102,MAJULI,ASSAM
785681,SIVASAGAR,ASSAM
785691,CHARAIDEO,ASSAM
786171,TINSUKIA,ASSAM
783384,BONGAIGAON,ASSAM
783335,DHUBRI,ASSAM
783394,CHIRANG,ASSAM
783123,GOALPARA,ASSAM
783136,SOUTH SALMARA MANCACHAR,ASSAM
783370,KOKRAJHAR,ASSAM
781030,KAMRUP,ASSAM
781366,BAKSA,ASSAM
781131,RI BHOI,MEGHALAYA
781328,Bajali,ASSAM
781315,BARPETA,ASSAM
781340,NALBARI,ASSAM
788734,KARIMGANJ,ASSAM
788117,CACHAR,ASSAM
788160,HAILAKANDI,ASSAM
788820,DIMA HASAO,ASSAM
784145,DARRANG,ASSAM
784527,UDALGURI,ASSAM
784169,Biswanath,ASSAM
504101,Nirmal,TELANGANA
504304,ADILABAD,TELANGANA
825320,GIRIDIH,JHARKHAND
825311,HAZARIBAGH,JHARKHAND
825401,CHATRA,JHARKHAND
825418,KODERMA,JHARKHAND
825315,BOKARO,JHARKHAND
829101,RAMGARH,JHARKHAND
829202,LATEHAR,JHARKHAND
822112,GARHWA,JHARKHAND
822132,PALAMU,JHARKHAND
829205,RANCHI,JHARKHAND
835234,KHUNTI,JHARKHAND
835234,GUMLA,JHARKHAND
835216,WEST SINGHBHUM,JHARKHAND
835201,SIMDEGA,JHARKHAND
835203,LOHARDAGA,JHARKHAND
814155,GODDA,JHARKHAND
814157,DEOGHAR,JHARKHAND
814120,DUMKA,JHARKHAND
815351,JAMTARA,JHARKHAND
814111,PAKUR,JHARKHAND
816102,SAHEBGANJ,JHARKHAND
832401,SARAIKELA KHARSAWAN,JHARKHAND
832101,EAST SINGHBUM,JHARKHAND
560117,BENGALURU RURAL,KARNATAKA
560064,BENGALURU URBAN,KARNATAKA
562160,RAMANAGARA,KARNATAKA
587112,BAGALKOT,KARNATAKA
591102,BELAGAVI,KARNATAKA
583104,BALLARI,KARNATAKA
583130,VIJAYNAGAR,KARNATAKA
585326,BIDAR,KARNATAKA
586111,VIJAYAPURA,KARNATAKA
580011,DHARWAD,KARNATAKA
582112,GADAG,KARNATAKA
583284,KOPPAL,KARNATAKA
585301,KALABURAGI,KARNATAKA
494442,BASTAR,CHHATTISGARH
494665,KANKER,CHHATTISGARH
494661,NARAYANPUR,CHHATTISGARH
495552,JANJGIR-CHAMPA,CHHATTISGARH
495559,BILASPUR,CHHATTISGARH
495224,MUNGELI,CHHATTISGARH
491441,RAJNANDGAON,CHHATTISGARH
495445,KORBA,CHHATTISGARH
495118,Gaurella Pendra Marwahi,CHHATTISGARH
491001,DURG,CHHATTISGARH
491221,BALOD,CHHATTISGARH
491335,BEMETARA,CHHATTISGARH
491336,KABIRDHAM,CHHATTISGARH
497335,KOREA,CHHATTISGARH
497119,BALRAMPUR,CHHATTISGARH
497101,SURGUJA,CHHATTISGARH
497231,SURAJPUR,CHHATTISGARH
496001,RAIGARH,CHHATTISGARH
496224,JASHPUR,CHHATTISGARH
175008,MANDI,HIMACHAL PRADESH
172001,SHIMLA,HIMACHAL PRADESH
172026,KULLU,HIMACHAL PRADESH
172101,KINNAUR,HIMACHAL PRADESH
172114,LAHUL AND SPITI,HIMACHAL PRADESH
173001,SIRMAUR,HIMACHAL PRADESH
173212,SOLAN,HIMACHAL PRADESH
174303,UNA,HIMACHAL PRADESH
177110,KANGRA,HIMACHAL PRADESH
193101,BARAMULLA,JAMMU AND KASHMIR
193502,BANDIPORA,JAMMU AND KASHMIR
193303,KUPWARA,JAMMU AND KASHMIR
181131,JAMMU,JAMMU AND KASHMIR
181143,SAMBA,JAMMU AND KASHMIR
184121,UDHAMPUR,JAMMU AND KASHMIR
184206,KATHUA,JAMMU AND KASHMIR
194104,LEH LADAKH,LADAKH
194103,KARGIL,LADAKH
185131,RAJOURI,JAMMU AND KASHMIR
185211,POONCH,JAMMU AND KASHMIR
192201,ANANTNAG,JAMMU AND KASHMIR
192305,PULWAMA,JAMMU AND KASHMIR
192124,SHOPIAN,JAMMU AND KASHMIR
192233,KULGAM,JAMMU AND KASHMIR
193411,Budgam,JAMMU AND KASHMIR
191121,SRINAGAR,JAMMU AND KASHMIR
191201,GANDERBAL,JAMMU AND KASHMIR
182313,REASI,JAMMU AND KASHMIR
182146,RAMBAN,JAMMU AND KASHMIR
182222,DODA,JAMMU AND KASHMIR
182204,KISHTWAR,JAMMU AND KASHMIR
828114,DHANBAD,JHARKHAND
364515,AMRELI,GUJARAT
364525,BHAVNAGAR,GUJARAT
364710,BOTAD,GUJARAT
360311,RAJKOT,GUJARAT
360490,JAMNAGAR,GUJARAT
360490,JUNAGADH,GUJARAT
363655,MORBI,GUJARAT
361306,DEVBHUMI DWARKA,GUJARAT
362140,GIR SOMNATH,GUJARAT
370001,KACHCHH,GUJARAT
360590,PORBANDAR,GUJARAT
363745,SURENDRANAGAR,GUJARAT
388520,ANAND,GUJARAT
388260,Mahisagar,GUJARAT
388225,KHEDA,GUJARAT
394710,DANG,GUJARAT
396510,SURAT,GUJARAT
394630,TAPI,GUJARAT
393041,NARMADA,GUJARAT
392110,BHARUCH,GUJARAT
393105,VADODARA,GUJARAT
585304,YADGIR,KARNATAKA
581110,HAVERI,KARNATAKA
577516,DAVANGERE,KARNATAKA
581360,UTTARA KANNADA,KARNATAKA
584167,RAICHUR,KARNATAKA
577101,CHIKKAMAGALURU,KARNATAKA
577511,CHITRADURGA,KARNATAKA
573103,HASSAN,KARNATAKA
571201,KODAGU,KARNATAKA
561207,CHIKKABALLAPURA,KARNATAKA
563114,KOLAR,KARNATAKA
571404,MANDYA,KARNATAKA
396325,NAVSARI,GUJARAT
389380,DOHAD,GUJARAT
389380,PANCH MAHALS,GUJARAT
391125,CHHOTAUDEPUR,GUJARAT
396051,VALSAD,GUJARAT
396210,DAMAN,THE DADRA AND NAGAR HAVELI AND DAMAN AND DIU
396240,DADRA AND NAGAR HAVELI,THE DADRA AND NAGAR HAVELI AND DAMAN AND DIU
134008,AMBALA,HARYANA
134118,PANCHKULA,HARYANA
134204,YAMUNANAGAR,HARYANA
127307,CHARKI DADRI,HARYANA
127111,BHIWANI,HARYANA
121003,FARIDABAD,HARYANA
121105,PALWAL,HARYANA
493449,MAHASAMUND,CHHATTISGARH
493332,BALODA BAZAR,CHHATTISGARH
493770,DHAMTARI,CHHATTISGARH
493996,GARIYABAND,CHHATTISGARH
110090,NORTH EAST,DELHI
110036,NORTH,DELHI
110081,NORTH WEST,DELHI
110076,SOUTH,DELHI
110037,NEW DELHI,DELHI
110043,WEST,DELHI
110045,SOUTH WEST,DELHI
382210,AHMADABAD,GUJARAT
385001,BANAS KANTHA,GUJARAT
382120,MAHESANA,GUJARAT
382321,GANDHINAGAR,GUJARAT
384266,PATAN,GUJARAT
383002,SABAR KANTHA,GUJARAT
383260,ARVALLI,GUJARAT
122101,GURUGRAM,HARYANA
122104,NUH,HARYANA
122502,REWARI,HARYANA
123001,MAHENDRAGARH,HARYANA
125047,FATEHABAD,HARYANA
125047,HISAR,HARYANA
125055,SIRSA,HARYANA
126102,JIND,HARYANA
132039,KARNAL,HARYANA
132122,PANIPAT,HARYANA
136156,KURUKSHETRA,HARYANA
136034,KAITHAL,HARYANA
124508,JHAJJAR,HARYANA
124501,ROHTAK,HARYANA
131001,SONIPAT,HARYANA
176301,CHAMBA,HIMACHAL PRADESH
174305,HAMIRPUR,HIMACHAL PRADESH
174001,BILASPUR,HIMACHAL PRADESH
416214,KOLHAPUR,MAHARASHTRA
415605,RATNAGIRI,MAHARASHTRA
416401,SANGLI,MAHARASHTRA
416605,SINDHUDURG,MAHARASHTRA
410206,RAIGAD,MAHARASHTRA
421603,THANE,MAHARASHTRA
421312,PALGHAR,MAHARASHTRA
444101,AKOLA,MAHARASHTRA
444110,WASHIM,MAHARASHTRA
442001,WARDHA,MAHARASHTRA
441226,CHANDRAPUR,MAHARASHTRA
444602,AMRAVATI,MAHARASHTRA
443002,BULDHANA,MAHARASHTRA
442705,GADCHIROLI,MAHARASHTRA
574143,DAKSHINA KANNADA,KARNATAKA
570010,MYSURU,KARNATAKA
571440,CHAMARAJANAGARA,KARNATAKA
574101,UDUPI,KARNATAKA
577301,SHIVAMOGGA,KARNATAKA
572211,TUMAKURU,KARNATAKA
688011,ALAPPUZHA,KERALA
683511,ERNAKULAM,KERALA
686541,KOTTAYAM,KERALA
685501,IDUKKI,KERALA
685533,PATHANAMTHITTA,KERALA
680309,THRISSUR,KERALA
690561,KOLLAM,KERALA
424109,NASHIK,MAHARASHTRA
431750,NANDED,MAHARASHTRA
413515,LATUR,MAHARASHTRA
413405,OSMANABAD,MAHARASHTRA
431701,HINGOLI,MAHARASHTRA
431507,JALNA,MAHARASHTRA
431508,PARBHANI,MAHARASHTRA
795126,KANGPOKPI,MANIPUR
795102,CHANDEL,MANIPUR
795006,PHERZAWL,MANIPUR
795128,CHURACHANDPUR,MANIPUR
795113,IMPHAL WEST,MANIPUR
795115,JIRIBAM,MANIPUR
795103,THOUBAL,MANIPUR
795007,SENAPATI,MANIPUR
795010,IMPHAL EAST,MANIPUR
795010,KAMJONG,MANIPUR
795145,UKHRUL,MANIPUR
795132,KAKCHING,MANIPUR
795133,BISHNUPUR,MANIPUR
795131,TENGNOUPAL,MANIPUR
795159,NONEY,MANIPUR
795125,TAMENGLONG,MANIPUR
796007,AIZAWL,MIZORAM
796091,KOLASIB,MIZORAM
796701,LUNGLEI,MIZORAM
796321,CHAMPHAI,MIZORAM
796571,Hnahthial,MIZORAM
796310,KHAWZAWL,MIZORAM
796891,LAWNGTLAI,MIZORAM
796291,SAITUAL,MIZORAM
796431,MAMIT,MIZORAM
796901,SAIHA,MIZORAM
796186,SERCHHIP,MIZORAM
798627,ZUNHEBOTO,NAGALAND
797115,DIMAPUR,NAGALAND
797099,WOKHA,NAGALAND
798603,MON,NAGALAND
797104,PHEK,NAGALAND
798614,MOKOKCHUNG,NAGALAND
797112,PEREN,NAGALAND
798611,KIPHIRE,NAGALAND
797006,KOHIMA,NAGALAND
695311,THIRUVANANTHAPURAM,KERALA
679336,PALAKKAD,KERALA
673580,KOZHIKODE,KERALA
673593,WAYANAD,KERALA
670612,KANNUR,KERALA
671531,KASARAGOD,KERALA
679357,MALAPPURAM,KERALA
673310,MAHE,PUDUCHERRY
481001,BALAGHAT,MADHYA PRADESH
481661,MANDLA,MADHYA PRADESH
481880,DINDORI,MADHYA PRADESH
480661,SEONI,MADHYA PRADESH
458441,NEEMUCH,MADHYA PRADESH
462030,BHOPAL,MADHYA PRADESH
462046,RAISEN,MADHYA PRADESH
471001,CHHATARPUR,MADHYA PRADESH
488220,PANNA,MADHYA PRADESH
472001,TIKAMGARH,MADHYA PRADESH
472337,Niwari,MADHYA PRADESH
460001,BETUL,MADHYA PRADESH
480001,CHHINDWARA,MADHYA PRADESH
461001,HOSHANGABAD,MADHYA PRADESH
461335,HARDA,MADHYA PRADESH
487001,NARSINGHPUR,MADHYA PRADESH
455001,DEWAS,MADHYA PRADESH
486441,REWA,MADHYA PRADESH
485227,SATNA,MADHYA PRADESH
470661,DAMOH,MADHYA PRADESH
483501,KATNI,MADHYA PRADESH
470235,SAGAR,MADHYA PRADESH
484001,SHAHDOL,MADHYA PRADESH
484001,UMARIA,MADHYA PRADESH
484224,ANUPPUR,MADHYA PRADESH
486675,SIDHI,MADHYA PRADESH
486882,SINGRAULI,MADHYA PRADESH
451332,KHARGONE,MADHYA PRADESH
464001,VIDISHA,MADHYA PRADESH
452016,INDORE,MADHYA PRADESH
454001,DHAR,MADHYA PRADESH
482001,JABALPUR,MADHYA PRADESH
450001,EAST NIMAR,MADHYA PRADESH
450331,BURHANPUR,MADHYA PRADESH
451556,BARWANI,MADHYA PRADESH
458775,MANDSAUR,MADHYA PRADESH
457661,JHABUA,MADHYA PRADESH
457887,ALIRAJPUR,MADHYA PRADESH
457001,RATLAM,MADHYA PRADESH
465661,RAJGARH,MADHYA PRADESH
456665,UJJAIN,MADHYA PRADESH
441108,NAGPUR,MAHARASHTRA
441903,BHANDARA,MAHARASHTRA
441902,GONDIA,MAHARASHTRA
445109,YAVATMAL,MAHARASHTRA
414002,AHMEDNAGAR,MAHARASHTRA
413304,SOLAPUR,MAHARASHTRA
411033,PUNE,MAHARASHTRA
415510,SATARA,MAHARASHTRA
431002,AURANGABAD,MAHARASHTRA
425107,JALGAON,MAHARASHTRA
413207,BEED,MAHARASHTRA
425415,NANDURBAR,MAHARASHTRA
425428,DHULE,MAHARASHTRA
466001,SEHORE,MADHYA PRADESH
465441,AGAR MALWA,MADHYA PRADESH
465223,SHAJAPUR,MADHYA PRADESH
473331,ASHOKNAGAR,MADHYA PRADESH
473105,GUNA,MADHYA PRADESH
473551,SHIVPURI,MADHYA PRADESH
475686,DATIA,MADHYA PRADESH
474001,GWALIOR,MADHYA PRADESH
477001,BHIND,MADHYA PRADESH
476001,MORENA,MADHYA PRADESH
476335,SHEOPUR,MADHYA PRADESH
403702,SOUTH GOA,GOA
403508,NORTH GOA,GOA
152128,FAZILKA,PUNJAB
142058,MOGA,PUNJAB
142044,FIROZEPUR,PUNJAB
143507,GURDASPUR,PUNJAB
145027,PATHANKOT,PUNJAB
144224,HOSHIARPUR,PUNJAB
144521,Shahid Bhagat Singh Nagar,PUNJAB
144502,JALANDHAR,PUNJAB
144804,KAPURTHALA,PUNJAB
305005,AJMER,RAJASTHAN
305922,RAJSAMAND,RAJASTHAN
311301,BHILWARA,RAJASTHAN
312025,CHITTORGARH,RAJASTHAN
312615,PRATAPGARH,RAJASTHAN
327001,BANSWARA,RAJASTHAN
314001,DUNGARPUR,RAJASTHAN
326001,JHALAWAR,RAJASTHAN
326520,KOTA,RAJASTHAN
325209,BARAN,RAJASTHAN
323001,BUNDI,RAJASTHAN
304001,TONK,RAJASTHAN
767067,BALANGIR,ODISHA
767068,SONEPUR,ODISHA
759125,ANUGUL,ODISHA
759146,DHENKANAL,ODISHA
758021,KENDUJHAR,ODISHA
758025,JAJAPUR,ODISHA
768027,BARGARH,ODISHA
768221,SAMBALPUR,ODISHA
768221,JHARSUGUDA,ODISHA
768228,SUNDARGARH,ODISHA
768110,DEOGARH,ODISHA
761151,GANJAM,ODISHA
754295,CUTTACK,ODISHA
761017,GAJAPATI,ODISHA
766028,KALAHANDI,ODISHA
766111,NUAPADA,ODISHA
764046,MALKANGIRI,ODISHA
764088,NABARANGPUR,ODISHA
764043,KORAPUT,ODISHA
798612,TUENSANG,NAGALAND
798612,Noklak,NAGALAND
799009,West Tripura,TRIPURA
799102,Sepahijala,TRIPURA
799101,Gomati,TRIPURA
799157,South Tripura,TRIPURA
791001,WEST SIANG,ARUNACHAL PRADESH
791001,SIANG,ARUNACHAL PRADESH
792110,DIBANG VALLEY,ARUNACHAL PRADESH
791123,PAPUM PARE,ARUNACHAL PRADESH
791101,LEPARADA,ARUNACHAL PRADESH
790114,WEST KAMENG,ARUNACHAL PRADESH
792056,CHANGLANG,ARUNACHAL PRADESH
791122,UPPER SUBANSIRI,ARUNACHAL PRADESH
792129,TIRAP,ARUNACHAL PRADESH
792104,ANJAW,ARUNACHAL PRADESH
791103,EAST SIANG,ARUNACHAL PRADESH
790105,TAWANG,ARUNACHAL PRADESH
791125,LOWER SIANG,ARUNACHAL PRADESH
792131,LONGDING,ARUNACHAL PRADESH
791003,SHI YOMI,ARUNACHAL PRADESH
792103,NAMSAI,ARUNACHAL PRADESH
791118,KURUNG KUMEY,ARUNACHAL PRADESH
791119,LOWER SUBANSIRI,ARUNACHAL PRADESH
792110,LOWER DIBANG VALLEY,ARUNACHAL PRADESH
790103,PAKKE KESSANG,ARUNACHAL PRADESH
790102,EAST KAMENG,ARUNACHAL PRADESH
792001,LOHIT,ARUNACHAL PRADESH
791105,UPPER SIANG,ARUNACHAL PRADESH
799289,Dhalai,TRIPURA
799281,Unakoti,TRIPURA
799251,North Tripura,TRIPURA
799207,Khowai,TRIPURA
793106,EAST KHASI HILLS,MEGHALAYA
793106,SOUTH WEST KHASI HILLS,MEGHALAYA
793109,WEST JAINTIA HILLS,MEGHALAYA
793210,EAST JAINTIA HILLS,MEGHALAYA
793120,WEST KHASI HILLS,MEGHALAYA
794115,SOUTH WEST GARO HILLS,MEGHALAYA
794102,SOUTH GARO HILLS,MEGHALAYA
794103,WEST GARO HILLS,MEGHALAYA
794108,NORTH GARO HILLS,MEGHALAYA
794110,EAST GARO HILLS,MEGHALAYA
756046,BHADRAK,ODISHA
756051,BALESHWAR,ODISHA
344704,BARMER,RAJASTHAN
334001,BIKANER,RAJASTHAN
331001,CHURU,RAJASTHAN
333026,JHUNJHUNU,RAJASTHAN
345001,JAISALMER,RAJASTHAN
342314,JODHPUR,RAJASTHAN
341307,NAGAUR,RAJASTHAN
306001,PALI,RAJASTHAN
307001,SIROHI,RAJASTHAN
332021,SIKAR,RAJASTHAN
343001,JALORE,RAJASTHAN
632204,VELLORE,TAMIL NADU
641201,COIMBATORE,TAMIL NADU
636704,DHARMAPURI,TAMIL NADU
635201,KRISHNAGIRI,TAMIL NADU
638311,ERODE,TAMIL NADU
638056,TIRUPPUR,TAMIL NADU
638007,NAMAKKAL,TAMIL NADU
637101,SALEM,TAMIL NADU
643102,THE NILGIRIS,TAMIL NADU
635802,Tirupathur,TAMIL NADU
635703,TIRUVANNAMALAI,TAMIL NADU
624005,DINDIGUL,TAMIL NADU
629204,KANNIYAKUMARI,TAMIL NADU
756028,MAYURBHANJ,ODISHA
752109,PURI,ODISHA
752100,KHORDHA,ODISHA
755061,KENDRAPARA,ODISHA
754109,JAGATSINGHAPUR,ODISHA
752063,NAYAGARH,ODISHA
765021,RAYAGADA,ODISHA
762030,BOUDH,ODISHA
762103,KANDHAMAL,ODISHA
140501,S.A.S Nagar,PUNJAB
160101,CHANDIGARH,CHANDIGARH
140111,RUPNAGAR,PUNJAB
141007,LUDHIANA,PUNJAB
147202,PATIALA,PUNJAB
140412,FATEHGARH SAHIB,PUNJAB
148021,MALERKOTLA,PUNJAB
148022,SANGRUR,PUNJAB
148101,BARNALA,PUNJAB
143102,AMRITSAR,PUNJAB
143303,Tarn Taran,PUNJAB
151005,BATHINDA,PUNJAB
151508,MANSA,PUNJAB
151210,SRI MUKTSAR SAHIB,PUNJAB
152025,FARIDKOT,PUNJAB
313011,UDAIPUR,RAJASTHAN
301001,ALWAR,RAJASTHAN
321001,BHARATPUR,RAJASTHAN
328001,DHOLPUR,RAJASTHAN
302038,JAIPUR,RAJASTHAN
303303,DAUSA,RAJASTHAN
322201,SAWAI MADHOPUR,RAJASTHAN
322213,KARAULI,RAJASTHAN
335512,HANUMANGARH,RAJASTHAN
335001,GANGANAGAR,RAJASTHAN
631004,Ranipet,TAMIL NADU
604302,VILLUPURAM,TAMIL NADU
603301,CHENGALPATTU,TAMIL NADU
603202,KANCHIPURAM,TAMIL NADU
602105,THIRUVALLUR,TAMIL NADU
605007,PONDICHERRY,PUDUCHERRY
607403,CUDDALORE,TAMIL NADU
229211,RAE BARELI,UTTAR PRADESH
229302,Amethi,UTTAR PRADESH
261001,SITAPUR,UTTAR PRADESH
228001,SULTANPUR,UTTAR PRADESH
263601,ALMORA,UTTARAKHAND
263642,BAGESHWAR,UTTARAKHAND
262501,PITHORAGARH,UTTARAKHAND
246440,CHAMOLI,UTTARAKHAND
246421,RUDRA PRAYAG,UTTARAKHAND
248003,DEHRADUN,UTTARAKHAND
248158,TEHRI GARHWAL,UTTARAKHAND
247667,HARIDWAR,UTTARAKHAND
263139,NAINITAL,UTTARAKHAND
262401,UDAM SINGH NAGAR,UTTARAKHAND
246121,PAURI GARHWAL,UTTARAKHAND
262527,CHAMPAWAT,UTTARAKHAND
249135,UTTAR KASHI,UTTARAKHAND
700104,24 PARAGANAS SOUTH,WEST BENGAL
743221,24 PARAGANAS NORTH,WEST BENGAL
731202,BIRBHUM,WEST BENGAL
731244,MURSHIDABAD,WEST BENGAL
731215,PURBA BARDHAMAN,WEST BENGAL
700105,KOLKATA,WEST BENGAL
742202,MALDAH,WEST BENGAL
741161,NADIA,WEST BENGAL
744107,SOUTH ANDAMANS,ANDAMAN AND NICOBAR ISLANDS
744302,NICOBARS,ANDAMAN AND NICOBAR ISLANDS
744202,NORTH AND MIDDLE ANDAMAN,ANDAMAN AND NICOBAR ISLANDS
736121,Alipurduar,WEST BENGAL
736131,COOCHBEHAR,WEST BENGAL
734314,KALIMPONG,WEST BENGAL
734201,DARJEELING,WEST BENGAL
734004,JALPAIGURI,WEST BENGAL
230405,PRATAPGARH,UTTAR PRADESH
277001,BALLIA,UTTAR PRADESH
276125,AZAMGARH,UTTAR PRADESH
212601,FATEHPUR,UTTAR PRADESH
232102,CHANDAULI,UTTAR PRADESH
221104,VARANASI,UTTAR PRADESH
272153,SIDDHARTH NAGAR,UTTAR PRADESH
221401,BHADOHI,UTTAR PRADESH
243301,BAREILLY,UTTAR PRADESH
262001,PILIBHIT,UTTAR PRADESH
246701,BIJNOR,UTTAR PRADESH
246761,ALIGARH,UTTAR PRADESH
243601,BUDAUN,UTTAR PRADESH
243751,SAMBHAL,UTTAR PRADESH
241001,HARDOI,UTTAR PRADESH
262701,KHERI,UTTAR PRADESH
250611,BAGHPAT,UTTAR PRADESH
250617,MEERUT,UTTAR PRADESH
247001,SAHARANPUR,UTTAR PRADESH
245101,HAPUR,UTTAR PRADESH
244221,AMROHA,UTTAR PRADESH
244501,MORADABAD,UTTAR PRADESH
244901,RAMPUR,UTTAR PRADESH
251002,MUZAFFARNAGAR,UTTAR PRADESH
247771,SHAMLI,UTTAR PRADESH
242001,SHAHJAHANPUR,UTTAR PRADESH
275301,MAU,UTTAR PRADESH
271825,BAHRAICH,UTTAR PRADESH
271831,SHRAVASTI,UTTAR PRADESH
272154,SANT KABEER NAGAR,UTTAR PRADESH
272127,BASTI,UTTAR PRADESH
274807,DEORIA,UTTAR PRADESH
274307,KUSHI NAGAR,UTTAR PRADESH
271201,BALRAMPUR,UTTAR PRADESH
271602,GONDA,UTTAR PRADESH
273001,GORAKHPUR,UTTAR PRADESH
273302,MAHARAJGANJ,UTTAR PRADESH
737120,NORTH DISTRICT,SIKKIM
737107,EAST DISTRICT,SIKKIM
737111,WEST DISTRICT,SIKKIM
737128,SOUTH DISTRICT,SIKKIM
737131,Pakyong,SIKKIM
733103,DINAJPUR DAKSHIN,WEST BENGAL
733143,DINAJPUR UTTAR,WEST BENGAL
713325,PASCHIM BARDHAMAN,WEST BENGAL
722152,BANKURA,WEST BENGAL
721456,MEDINIPUR EAST,WEST BENGAL
721424,MEDINIPUR WEST,WEST BENGAL
712122,HOOGHLY,WEST BENGAL
711401,HOWRAH,WEST BENGAL
721125,Jhargram,WEST BENGAL
210001,BANDA,UTTAR PRADESH
210204,CHITRAKOOT,UTTAR PRADESH
210301,HAMIRPUR,UTTAR PRADESH
210421,MAHOBA,UTTAR PRADESH
209601,FARRUKHABAD,UTTAR PRADESH
209720,KANNAUJ,UTTAR PRADESH
208021,KANPUR NAGAR,UTTAR PRADESH
209307,KANPUR DEHAT,UTTAR PRADESH
209870,UNNAO,UTTAR PRADESH
225401,BARABANKI,UTTAR PRADESH
224122,AMBEDKAR NAGAR,UTTAR PRADESH
224001,AYODHYA,UTTAR PRADESH
224172,FIROZABAD,UTTAR PRADESH
201009,GAUTAM BUDDHA NAGAR,UTTAR PRADESH
201009,GHAZIABAD,UTTAR PRADESH
226003,LUCKNOW,UTTAR PRADESH
630303,SIVAGANGA,TAMIL NADU
628902,TUTICORIN,TAMIL NADU
627713,VIRUDHUNAGAR,TAMIL NADU
627719,TENKASI,TAMIL NADU
627953,TIRUNELVELI,TAMIL NADU
625501,MADURAI,TAMIL NADU
623601,RAMANATHAPURAM,TAMIL NADU
625552,THENI,TAMIL NADU
639201,KARUR,TAMIL NADU
621305,PUDUKKOTTAI,TAMIL NADU
621306,TIRUCHIRAPPALLI,TAMIL NADU
612101,THANJAVUR,TAMIL NADU
609501,THIRUVARUR,TAMIL NADU
612203,MAYILADUTHURAI,TAMIL NADU
611102,NAGAPATTINAM,TAMIL NADU
609603,KARAIKAL,PUDUCHERRY
206251,AURAIYA,UTTAR PRADESH
206120,ETAWAH,UTTAR PRADESH
284003,JHANSI,UTTAR PRADESH
284403,LALITPUR,UTTAR PRADESH
285202,JALAUN,UTTAR PRADESH
205121,MAINPURI,UTTAR PRADESH
281121,MATHURA,UTTAR PRADESH
281302,HATHRAS,UTTAR PRADESH
211012,PRAYAGRAJ,UTTAR PRADESH
212202,KAUSHAMBI,UTTAR PRADESH
212401,JAUNPUR,UTTAR PRADESH
275201,GHAZIPUR,UTTAR PRADESH
231302,MIRZAPUR,UTTAR PRADESH
231212,SONBHADRA,UTTAR PRADESH
621103,PERAMBALUR,TAMIL NADU
621701,Ariyalur,TAMIL NADU
606305,KALLAKURICHI,TAMIL NADU
283104,AGRA,UTTAR PRADESH
207002,ETAH,UTTAR PRADESH
203001,BULANDSHAHR,UTTAR PRADESH
207124,Kasganj,UTTAR PRADESH
682553,LAKSHADWEEP DISTRICT,LAKSHADWEEP
400009,MUMBAI,MAHARASHTRA
400070,MUMBAI SUBURBAN,MAHARASHTRA
798625,LONGLENG,NAGALAND
110095,SHAHDARA,DELHI
110091,EAST,DELHI
110054,CENTRAL,DELHI
110025,South East,DELHI
362570,DIU,THE DADRA AND NAGAR HAVELI AND DAMAN AND DIU
600005,CHENNAI,TAMIL NADU
723121,PURULIA,WEST BENGAL
791118,KRA DAADI,ARUNACHAL PRADESH
737113,Soreng,SIKKIM
533464,YANAM,PUDUCHERRY
791120,KAMLE,ARUNACHAL PRADESH
